{"cameraMode":{"drawMode":0,"name":"Shaded","section":"Shading Mode"},"sceneLighting":true,"audioPlay":false,"sceneViewState":{"m_AlwaysRefresh":false,"showFog":true,"showSkybox":true,"showFlares":true,"showImageEffects":true,"showParticleSystems":true,"showVisualEffectGraphs":true,"m_FxEnabled":true},"in2DMode":false,"pivot":{"x":5.081951141357422,"y":3.767744541168213,"z":-0.4760052561759949},"rotation":{"x":-0.15234708786010743,"y":0.42657825350761416,"z":-0.07314477115869522,"w":-0.8885331749916077},"size":0.5172499418258667,"orthographic":false}